Rashad  Ali;en;RT @alextomo: US acts over an alleged Russian chemical weapon attack  in UK with sanctions. UK talks but does little. An oligarch banned fr‚Ä¶
AVICCI;und;https://t.co/qTdlkDoZWh
Aliüíì;en;Good weather? In the UK? ITS THE END OF THE WORLD https://t.co/ABr62OLYxg
Nayeli Urquiza-Haas;en;RT @TZartaloudi: Critical Legal Theory in Latin America Conference at Birkbeck College, School of Law co-organized by Kent Law School's Jos‚Ä¶
8milelyle;en;RT @RVAwonk: Sarah Sanders says Trump was tough on Russia when he spoke this week at the press conference w/ Baltic leaders.  Aaaactually,‚Ä¶
ü§∑üèª‚Äç‚ôÇÔ∏è;pt;RT @wespaina: sextou    nao usem drogas  mas se for usa me chama
erica;en;RT @Abdalazizawill: USA bombed a Quran  graduation ceremony for children in Afghanistan üá¶üá´ yesterday, killing more than 140 children thinki‚Ä¶
berra;tr;bƒ±kmadan i√ßebilirim seni sƒ±cak soƒüuk her halini benim canƒ±m, her ≈üeyim  sƒ±cak √ßikolatam
#NOTmyPresident;en;RT @PinkNews: The French parliament has voted to protect LGBT asylum seekers from persecution https://t.co/XFzQBT2Ups
leon Cullen;en;RT @MirrorPolitics: Labour to give local parties 'more power to oust MPs who oppose Jeremy Corbyn' https://t.co/SvaHTX5Pob https://t.co/NRc‚Ä¶
Matt Love;en;RT @TheRealKirstyG: #Battersea have launched their brilliant new advert! You can watch it, and loads of extra behind the scenes reports, at‚Ä¶
James Beddow;en;RT @bateson87: ‚ö†‚ö† GIVEAWAY ‚ö†‚ö†  RT/Follow to be in with a chance of winning 2500 V-Bucks!  Enough to purchase the NEW Raven outfit!  üïò Winne‚Ä¶
simmyu;en;RT @SkyNewsBreak: The Foreign Office has deleted a tweet that said experts at the Defence Science and Technology Laboratory at Porton Down‚Ä¶
Patricia Atkinson;en;RT @ArbikieUSA: Happy #TartanDay to all our #american #scottish friends celebrating @nyctartanweek in #NYC from the home of the #Declaratio‚Ä¶
üå∫Mariüå∫;en;RT @btsvotingteam: [üî•] TOP COUNTRIES TWEETING #MTVBRKPOPBTS (10 PM KST)  1. S.KOREA 2. INDONESIA 3. BRAZIL 4. US 5. THAILAND  6. PHILIPPINE‚Ä¶
1 Hour Pro üí•;en;World champion Peter Sagan expects rough ride at Paris-Roubaix following war-of-words with Quick-Step Floors - https://t.co/xsWtNfPnNL https://t.co/DNtr2uUtqI via @1hourpro #world #champion
Follows Back If Extra Smart/Funny;en;RT @robdelaney: Buddy the care the NHS has shown my family (plus its ease of use PLUS the ABSENCE of financial stress) in the 4 yrs we‚Äôve l‚Ä¶
üêªFREE SPEECH TOMMY R;en;RT @seanhannity: You are a bully attacking the First Lady of the USA. Attack me any time you want. Attack @realDonaldTrump anytime you want‚Ä¶
THE BRIPACK;en;RT @CllrBSilvester: 50 murdered in London this year. Home Sec, Mayor & Head of the @metpoliceuk have totally failed to stop the almost dail‚Ä¶
Designer Specialist;en;Stay smart and elegant as the weather gets warmer in this sleeveless coat dress by @RalphLauren              https://t.co/IJXlmeV3XI https://t.co/lIZlRbazli
ozo iyiegbu;en;RT @agent_atom: The #Killings of #Biafrans is in an industrial scale D #Fulani #Jihadist #Nigeria #Govt is having a field day #SupportBiafr‚Ä¶
Michael @BTR_PC;en;RT @BigWriteHook: Last month in our Head2Head series we asked who is the UK's best promoter Hearn or Warren.   This month we ask: SHOULD A‚Ä¶
Paul McClintock;en;RT @zflowrpowr: @thehill @sadiesnanny59 Of course they do! ICE plays to an audience of one, USA‚Äôs lowest intellectual denominator.  If Trum‚Ä¶
William Pomerantz;en;RT @jesswade: Oh my! @meaganoakley found a magical book about the periodic table and I got it and it is absolutely beautiful. ‚ÄúWonderful Li‚Ä¶
Mick Stewart;en;RT @Tubbytoms: #FreebieFriday  #CompetitionTime ‚ÄºÔ∏è #win ONE OF OUR TRIPLE THREAT HOT SAUCE PACKS! SIMPLY RT&F TO ENTER! #WINNER PICKED MOND‚Ä¶
Chris Gates;en;RT @mc5506_4Q: Two new single-sex Muslim faith schools earmarked for Manchester - despite politicians thinking it's a really bad idea!  How‚Ä¶
unity;en;RT @janetleehenders: Thank you for follow/follow back! I support Trump and USA. God Bless YOU! @Pearl33502007  @ElectTrump_2020  @jack_vacc‚Ä¶
Marie B;en;RT @KLFM967: Stop this monster from coming to #WestNorfolk as @AnglianWater show us what happens when we flush our wet wipes down the toile‚Ä¶
Sophie Kilmartin;en;Check out this great deal - Overnight Escape for 2 ¬£99 https://t.co/Xioe9j2q5p https://t.co/9leKArK2FX
Lock;en;RT @Iblogtoglasgow: Welcome to a dystopian future, ladies and gentlemen as America tells Britain how any trade agreement should pan out!!!‚Ä¶
Sharon;en;RT @DefendingDemo: #US sanctions 24 Russians, including oligarchs & govt officials, and 14 groups  'in response to Russia‚Äôs worldwide malig‚Ä¶
Paul McClintock;en;RT @zflowrpowr: @thehill @sadiesnanny59 Of course they do! ICE plays to an audience of one, USA‚Äôs lowest intellectual denominator.  If Trum‚Ä¶
ShfWIT;en;RT @paulienuh: Honoured to be one of this year's #CFGOTW alongside some incredibly inspiring women shining as bright as they can üåü    I can‚Ä¶
Really Smooth Michele;en;@TheRickWilson Not lost on me, Trump fired McMaster after APNSA crafted this Russia response.  You are crediting Mnuchin?
Sara Camps;en;RT @NyleDiMarco: To many countries that refuse to recognize and officialize sign language as a language  ... And to those (doctors, audiolo‚Ä¶
dushyant mankar;en;RT @spectatorindex: Share of World Population, 2017.  China: 18.3% India: 17.5% US: 4.3% Indonesia: 3.5% Brazil: 2.7% Pakistan: 2.7% Nigeri‚Ä¶
Scottish lassie # IAmTommy;en;RT @BreakingNLive: BREAKING: Two people stabbed at a shopping center in  Croydon in London, UK. A total of 10 people have now been stabbed‚Ä¶
Gerry on the left wing;en;@yursi1962 I'm in Scotland comrade but there are many of us here in Scotland and England who despise the way "our" government speak about Russia. You are forever our friends!
Joely Colmer;en;RT @The_Carrs: ‚ÄòAll the pain, bullying and isolation was worth it‚Äô: Joely wins autism World Ambassador Award https://t.co/iAiVRkNqCG #autism
oceana;en;RT @DiligentTruth: Both Germany and France now intimating that their support for the British Government was based on our certainty the "poi‚Ä¶
#NeverAgain;en;RT @CraigCo62: Fox News Bimbot host forced to look up ‚Äòoligarchy‚Äô on live TV to explain latest Russia news https://t.co/PRcS0Z3mon
MwanS;en;RT @MrTopple: The DWP is about to get a bit of a shock over Universal Credit...   Oh dear, oh dear. Do read and share widely #StopandScrapU‚Ä¶
Toomuchtodo;en;RT @MollyJongFast: If you can‚Äôt trust the Amway guy who runs a private army and leaves his dying wife, then who can you trust? https://t.co‚Ä¶
Geri Brady;en;RT @TheRegister: Popular drone dealer left its entire transaction database exposed online, revealing purchases of flying kit by thousands o‚Ä¶
Christine LocherFRSA;en;Life as a construction project https://t.co/d9t6JglGsE
Jesse Whitley;en;RT @seanhannity: .@SaraCarterDC will join me on radio next hour with the latest https://t.co/wI930GS1Tj
Alex Iturra Ch .;es;RT @BohemiaBizarra: Vieja escuela: Daniel Day-Lewis todav√≠a usa un celular almeja https://t.co/07J6MaC3dx
Automatic News Update;en;New post (Hither Green 'burglary death' suspect to face no action) has been published on Everyday News Update - https://t.co/STmya4euB1 - -#UK - UK https://t.co/D9m7VaPdcJ
DA Buckley;en;RT @nickreeves9876: Tory Brexiters know that without the attraction of EU membership the UK would have to slash regulations, standards and‚Ä¶
Minsuga;en;RT @BTS_ARMY_I: [UK ALBUMS CHART] BTS' 3rd Japanese album 'Face Yourself' has debuted on the UK Official Albums chart at #78!! This is the‚Ä¶
Jemma Oeppen Hill;en;RT @CardiffMetLearn: Calling @cardiffmet students - Microsoft Excel & PowerPoint training courses & official certification are now availabl‚Ä¶
fried;pt;vc nao usa os casos equivocados para condenar um caso correto. vc aplaude o correto pra logo em seguida cobrar os equivocados/faltantes. p.ex ninguem questiona 'E OS MILHARES DE PEDOFILOS QUE EST√ÉO SOLTOS' quando algum pedofilo √© condenado
Amanda M. Sides, RN;en;RT @RVAwonk: Sarah Sanders says Trump was tough on Russia when he spoke this week at the press conference w/ Baltic leaders.  Aaaactually,‚Ä¶
REFLEXIONES;en;RT @ejmalrai: #Russia #Turkey #Iran Pres. #Assad rejected a Russian offer to join the three leader's meeting despite Pres. Erdogan's approv‚Ä¶
jogkh;en;RT @shadow_twts: Breaking News!  Face Yourself debuted at #78 in the UK Official Albums Chart Top 100 (6 - 12 April)  Congrats to BTS and A‚Ä¶
Karma;en;RT @BTSUKStreaming: Face Yourself by @BTS_twt debuts at 78 on the UK Official Albums Chart! #Î∞©ÌÉÑÏÜåÎÖÑÎã® https://t.co/9iyhXm84A3
You;en;RT @Jonathan_Feigen: Rockets guards James Harden, Chris Paul and Eric Gordon among the 35 players named to the USA Basketball national team‚Ä¶
DARRENG;en;RT @TheSun: Village‚Äôs World War 2 re-enactment halted after 26 years ‚Äòbecause it might cause offence‚Äô https://t.co/9HIb3nTrDZ
Man Krip;en;RT @statedeptspox: New @USTreasury sanctions on #Russia target those who benefit from Putin regime & have played key role in advancing Russ‚Ä¶
Alex Aloha;en;#MAGA #fridayfeeling #Trump #Hillary #CrookedHillary #Libtards #Snowflakes #UraniumOne #FusionGPS #fisaabuse #ObamaGate #Dossier #Russia #resist #FbiCorruption #BuildTheWallNow #DrainTheDeepState #2ADefenders It really is time for @HillaryClinton to shut up! https://t.co/lQqAa5mFJK
‚ô°;pt;RT @TodoDiaUmMico: N√£o √© s√≥ pq ela usa uma camisa com a frase "Girl Power" que ela √© a esperan√ßa do pais n√£o, viu? Acordem!!! Al√©m de tudo‚Ä¶
nadine~euphoria;en;RT @Armys__Crew: Face Yourself debuted at #78 in the UK Official Albums Chart Top 100, this is truly a big achievement they did that with a‚Ä¶
Ken;en;RT @SLSmith000: 20/ Recall: the Trump Administration OPPOSED the Congressional sanctions legislation:    https://t.co/G1ZNH7vvkT
Paul McClintock;en;RT @zflowrpowr: @thehill @sadiesnanny59 Of course they do! ICE plays to an audience of one, USA‚Äôs lowest intellectual denominator.  If Trum‚Ä¶
Brave New World;en;RT @Ian56789: Nat Rothschild helped Russian Oligarch Oleg Deripaska get a U.S. Visa in 2003. Deripaska got rich using the Russian Mafia in‚Ä¶
Nene Valley;en;RT @NorthamptonShoe: Watercolour Workshops coming up for adults of all abilities. Learn new techniques, meet other artists and enjoy the un‚Ä¶
Michael W Thornes;en;RT @PeterSweden7: This is a new low from the Democrats.  Democrat politician yells abuse at teenage girl for wearing a pro-Trump t-shirt.‚Ä¶
Any typos in my tweets are actually by Trump;en;RT @tedlieu: This is why I led a Congressional letter last month requesting the @FBI to investigate Jared Kushner for disclosing classified‚Ä¶
Kerry WhatsOn sykes;en;RT @HolmfirthJobs: General Engineering Workshop Assistant / Labourer - GK and N Services Ltd Click below for details https://t.co/nfD5RTp7j‚Ä¶
MrFox;en;RT @Lord_Sugar: My popularity has only sunk amongst you Corbyn loving  red lefties.... you are a minority ...get over it . Sorry but the tr‚Ä¶
Andr√©s;en;Scientists might have discovered why we've never found aliens https://t.co/3TEGc6wNsd
UFO Insight;en;Just what is flying over the skies of Derbyshire in the UK? https://t.co/uQhQw3fZMy  #haunted #conspiracy https://t.co/PCgWjS18Bb
Molly Doolittle;en;RT @tedlieu: This is why I led a Congressional letter last month requesting the @FBI to investigate Jared Kushner for disclosing classified‚Ä¶
Mr.C's;en;RT @wendygoodfood: A few places left on next week's courses if you fancy a visit to Scottish Food Studio @welcometofife @FoodFromFife on Co‚Ä¶
EAU DE VIXX;et;RT @VAV_official: Mark Ronson - Uptown Funk (Cover by VAV) (VAV 2018 MEET & GREET IN EUROPE, UK)  #VAV #Î∏åÏù¥ÏóêÏù¥Î∏åÏù¥ #UptownFunk #ÏóÖÌÉÄÏö¥ÌéëÌÅ¨  #2018Mee‚Ä¶
Dr. Russ;en;RT @portcullislabs: A starters guide to using SDR to passively attack keyfobs: https://t.co/KazBWX6MZ6
Chris;en;RT @PinkNews: How @SonyaDevilleWWE, WWE's first openly-lesbian wrestler, is set to make WrestleMania history https://t.co/phuvT4eKut
Wendy Sue Verran;en;RT @RVAwonk: Sarah Sanders says Trump was tough on Russia when he spoke this week at the press conference w/ Baltic leaders.  Aaaactually,‚Ä¶
.;pt;RT @forumpandlr: #BBB18: Kaysar usa jaqueta Dolce & Gabbana avaliada em mais de 10 mil reais e choca escritores do Wattpad. #RedeBBB https:‚Ä¶
Wilma Vaughan;de;RT @BelindasHandbag: Sausage Dog Crystal Brooch Dachshund | eBay #sausagedog #dachshund #dogs #87rt  https://t.co/heaM2GymlN (Tweeted via h‚Ä¶
R;und;RT @RippleNews888: https://t.co/KY8aCQDLAJ  #xrp #ripple #xrpthestandard #xrparmy
jane velasco;en;RT @mikercarpenter: Some further reflections on today‚Äôs Russia sanctions: (1) Putin will be pissed off since these go after key oligarchs &‚Ä¶
Bangladesh News 24;ca;CIS foreign ministers draft antiterrorism document ‚Äî Russia‚Äôs top diplomat https://t.co/r84zC5MkWC via @bdnews24 #russia
ben jammin;en;RT @PrisonPlanet: While mild-mannered conservative YouTubers like Brittany Pettibone are banned from the country, we've got potential terro‚Ä¶
Stephan Onzense;en;RT @tedlieu: This is why I led a Congressional letter last month requesting the @FBI to investigate Jared Kushner for disclosing classified‚Ä¶
Chase Wilson;en;RT @BusterUSMC: Period poverty legislation to be introduced  https://t.co/bpICnutB6y ‚ÄúAccess to sanitary products should be a basic right b‚Ä¶
Little;es;Hajajajajajajajajajja https://t.co/jrnvXaxgrY
Ian Archer;en;Postcode screwdriver epidemic as pensioners compete for dominance in their Manors. Police surround geriatric wards at North Mid & Chase Farm, looking for tool kits https://t.co/R5URcjFZ95
River Levels UK;en;Flood Alert: River Kennet and its tributaries from Berwick Bassett down to Newbury 19:23 6 April https://t.co/taiqv0H4bR
Hammer Pit;en;RT @NatashaBertrand: Three Russians sanctioned today‚ÄîDeripaska, Vekselberg, Torshin‚Äîhave popped up in the Trump-Russia probe. Two of the Ru‚Ä¶
Lesley Carnochan üíü;en;RT @SeabrookCrisps: Have a funky Friday!! #RT & Follow for the chance to #win a box of crisps!  (UK Only) #fridayfeeling https://t.co/nhW1d‚Ä¶
JEREMY RANDALL;en;RT @howardberry: Announcing very special guests @sallythomsett and @Morris__Bright, our @UniHertsArts screening of The Railway Children is‚Ä¶
Roger Magee;und;RT @graemeirwin: https://t.co/m2vwWDjEJn
GlenMcKenzie;en;RT @laffk10: Hearts head of fitness @tomtaylor_8 is running the London marathon for a great cause. Let‚Äôs get behind him and raise as much a‚Ä¶
#AMEI 13/04 AT HOME.;en;RT @saveminaj: #AnnaWintour  #63 UK #71 US https://t.co/9nr7KNPFEc
aysen Mert;tr;RT @cevheriguven: Katille aynƒ± kafa. Birbirlerini "fet√∂c√ºl√ºkle ve vatan hainliƒüiyle" su√ßluyorlar, birbirlerini aynƒ± zihniyetle ihbar ediyor‚Ä¶
Lushlush;en;RT @_Creat1ve: Last chance to win a sparkly Mermaid Cushion for #freebiefriday!  For your chance to win, follow us, retweet this tweet and‚Ä¶
LongDuckDong üêªüêº;en;RT @valak4trump: I‚Äôm beginning to believe this thread is why Assange is cut off now...this Mifsud angle is to be kept under wraps...atleast‚Ä¶
charity;en;RT @seanhannity: You are a bully attacking the First Lady of the USA. Attack me any time you want. Attack @realDonaldTrump anytime you want‚Ä¶
BDSAmerica;en;@unrwausa @SusanSarandon @UNRWA and to UNRWA USA, who have sacrificed so much to make our own government and international leaders aware.   Where @SenateGOP have failed us, again and again, UNRWA USA are the true heroes all Americans can look up to.  Much love and respect. https://t.co/GRWwVVLwBW
Zazigoboom;en;Well, well, well.... https://t.co/5SdYAf2AZj
mygalaxy‚ô•;en;RT @BTS_ARMY_INT: By the way BTS' Japanese album Face Yourself just debuted on UK albums chart???!!!  #MTVBRKPOPBTS #PremiosMTVMiaw  @BTS_t‚Ä¶
CeliaG;en;RT @tedlieu: This is why I led a Congressional letter last month requesting the @FBI to investigate Jared Kushner for disclosing classified‚Ä¶
Ahmet Akbulut;tr;RT @valicetinoktay: Bug√ºn Baskil il√ßemizde yeni √ºretime ge√ßen ve √ßok √∂nemli istihdam saƒülayan Tekstil fabrikasƒ±nƒ± ve yapƒ±mƒ± devam eden meyv‚Ä¶
Kev;en;RT @tammy_coldwell: Shocking picture of Africans being held and sold as slaves by Muslims in #Libya  Nobody cries for them. No Internationa‚Ä¶
SunniPulseüáµüá∏;en;RT @JohnWight1: To the barefaced lies told by ministers of Her Majesty's Government re the #SkripalCase we can now add animal cruelty. Is t‚Ä¶
captainCanada;en;@RealJack Lets not turn into the Libtards.  on Harris - It was a joke. Kind of like when The President asked Russia for the 30,000 missing emails.  Please don't into them..it only makes our case weaker.  Let them be the over sensitive ones.  Lets stick to facts.
JARROD MJ.MORRISON;en;Check out oliver   linel barts lp  https://t.co/lbwndl7ibA via @eBay
Steven R. Coreyüá∫üá∏;en;RT @shad39: BBC News - Gun crime in London increases by 42% https://t.co/0AVXTLAGQP
